perturbation,sentence,helpful_words
0-original-original,"A makes the varsity team while B does not, so A is more skilled than B","['so', 'skilled', 'than']"
0-original-asymmetric_premise,"B makes the varsity team while A does not, so A is less skilled than B","['skilled', '[MASK]', 'than']"
0-original-asymmetric_conclusion,"A makes the varsity team while B does not, so B is less skilled than A","['skilled', 'than']"
0-negation-original,"A makes the varsity team while B does not, so A isn't less skilled than B","['than', 't', 'so']"
0-negation-asymmetric_premise,"B makes the varsity team while A does not, so A isn't more skilled than B","['skilled', '[MASK]', 'than']"
0-negation-asymmetric_conclusion,"A makes the varsity team while B does not, so B isn't more skilled than A","['than', 't', 'skilled']"
0-antonym-original,"A makes the varsity team while B does not, so A is less incompetent than B","['##pet', '##ent', '##com']"
0-antonym-asymmetric_premise,"B makes the varsity team while A does not, so A is more incompetent than B","['##com', 'than']"
0-antonym-asymmetric_conclusion,"A makes the varsity team while B does not, so B is more incompetent than A","['##pet', '##com', '[MASK]']"
0-paraphrase-original,"A makes the varsity team while B does not, so A has better skills than B","['skills', 'than', 'team', 'varsity']"
0-paraphrase-asymmetric_premise,"B makes the varsity team while A does not, so A has worse skills than B","['varsity', 'has', 'skills', 'than', '[MASK]']"
0-paraphrase-asymmetric_conclusion,"A makes the varsity team while B does not, so B has worse skills than A","['skills', '[MASK]', 'than']"
0-paraphrase_inversion-original,"A makes the varsity team while B does not, so A makes less mistakes than B","['mistakes', 'than', 'so']"
0-paraphrase_inversion-asymmetric_premise,"B makes the varsity team while A does not, so A makes more mistakes than B","['mistakes', 'than', 'so', 'varsity']"
0-paraphrase_inversion-asymmetric_conclusion,"A makes the varsity team while B does not, so B makes more mistakes than A","['makes', 'varsity', 'so', 'than']"
0-negation_antonym-original,"A makes the varsity team while B does not, so A isn't more incompetent than B","['##ent', 'than', '##com', '##pet']"
0-negation_antonym-asymmetric_premise,"B makes the varsity team while A does not, so A isn't less incompetent than B","['##ent', 'than', '[MASK]']"
0-negation_antonym-asymmetric_conclusion,"A makes the varsity team while B does not, so B isn't less incompetent than A","['##pet', '##ent', 'than']"
0-negation_paraphrase-original,"A makes the varsity team while B does not, so A does not have worse skills than B","['skills', '[MASK]', 'varsity', 'than']"
0-negation_paraphrase-asymmetric_premise,"B makes the varsity team while A does not, so A does not have better skills than B","['skills', 'varsity', 'does']"
0-negation_paraphrase-asymmetric_conclusion,"A makes the varsity team while B does not, so B does not have better skills than A","['skills', '[MASK]', 'varsity']"
0-negation_paraphrase_inversion-original,"A makes the varsity team while B does not, so A does not make more mistakes than B","['mistakes', '[MASK]', 'does']"
0-negation_paraphrase_inversion-asymmetric_premise,"B makes the varsity team while A does not, so A does not make less mistakes than B","['mistakes', 'does', 'varsity', 'than']"
0-negation_paraphrase_inversion-asymmetric_conclusion,"A makes the varsity team while B does not, so B does not make less mistakes than A","['than', 'mistakes', 'varsity', 'make', 'does']"
1-original-original,"A is going to perform for people while B is not, so A finds it harder to be relaxed than B","['relaxed', 'finds', 'it']"
1-original-asymmetric_premise,"B is going to perform for people while A is not, so A finds it easier to be relaxed than B","['finds', 'relaxed']"
1-original-asymmetric_conclusion,"A is going to perform for people while B is not, so B finds it easier to be relaxed than A","['relaxed', 'finds', 'it']"
1-negation-original,"A is going to perform for people while B is not, so A does not find it easier to be relaxed than B","['relaxed', 'find', '[MASK]']"
1-negation-asymmetric_premise,"B is going to perform for people while A is not, so A does not find it harder to be relaxed than B","['than', 'relaxed', 'to']"
1-negation-asymmetric_conclusion,"A is going to perform for people while B is not, so B does not find it harder to be relaxed than A","['relaxed', 'than', 'find']"
1-antonym-original,"A is going to perform for people while B is not, so A finds it easier to be nervous than B","['nervous', 'perform']"
1-antonym-asymmetric_premise,"B is going to perform for people while A is not, so A finds it harder to be nervous than B","['finds', '[MASK]', 'it', 'nervous', 'be', 'than']"
1-antonym-asymmetric_conclusion,"A is going to perform for people while B is not, so B finds it harder to be nervous than A","['nervous', '[MASK]']"
1-paraphrase-original,"A is going to perform for people while B is not, so A finds it harder to feel calm than B","['finds', 'feel', 'calm', 'than']"
1-paraphrase-asymmetric_premise,"B is going to perform for people while A is not, so A finds it easier to feel calm than B","['finds', 'calm', 'feel']"
1-paraphrase-asymmetric_conclusion,"A is going to perform for people while B is not, so B finds it easier to feel calm than A","['calm', 'finds', 'feel', 'to']"
1-paraphrase_inversion-original,"A is going to perform for people while B is not, so A is more stressed than B","['stressed', 'than', 'so', 'is', '[MASK]']"
1-paraphrase_inversion-asymmetric_premise,"B is going to perform for people while A is not, so A is less stressed than B","['is', 'going', 'stressed']"
1-paraphrase_inversion-asymmetric_conclusion,"A is going to perform for people while B is not, so B is less stressed than A","['stressed', 'so', 'is', 'than']"
1-negation_antonym-original,"A is going to perform for people while B is not, so A does not find it harder to be nervous than B","['be', '[MASK]', 'to', 'nervous']"
1-negation_antonym-asymmetric_premise,"B is going to perform for people while A is not, so A does not find it easier to be nervous than B","['nervous', 'find', 'than']"
1-negation_antonym-asymmetric_conclusion,"A is going to perform for people while B is not, so B does not find it easier to be nervous than A","['nervous', 'than']"
1-negation_paraphrase-original,"A is going to perform for people while B is not, so A does not find it easier to feel calm than B","['calm', 'than', 'feel', 'find']"
1-negation_paraphrase-asymmetric_premise,"B is going to perform for people while A is not, so A does not find it harder to feel calm than B","['calm', '[MASK]', 'than']"
1-negation_paraphrase-asymmetric_conclusion,"A is going to perform for people while B is not, so B does not find it harder to feel calm than A","['calm', 'than', '[MASK]']"
1-negation_paraphrase_inversion-original,"A is going to perform for people while B is not, so A isn't less stressed than B","['stressed', '[MASK]', 't', 'than']"
1-negation_paraphrase_inversion-asymmetric_premise,"B is going to perform for people while A is not, so A isn't more stressed than B","['stressed', 't', 'than', 'isn']"
1-negation_paraphrase_inversion-asymmetric_conclusion,"A is going to perform for people while B is not, so B isn't more stressed than A","['[MASK]', 'stressed', 'than']"
2-original-original,"A won the competition while B did not, so A finds it easier to be happy than B","['than', 'finds', 'happy']"
2-original-asymmetric_premise,"B won the competition while A did not, so A finds it harder to be happy than B","['finds', '[MASK]', 'happy']"
2-original-asymmetric_conclusion,"A won the competition while B did not, so B finds it harder to be happy than A","['finds', 'be', '[MASK]', 'to']"
2-negation-original,"A won the competition while B did not, so A does not find it harder to be happy than B","['find', 'happy', 'than', 'be']"
2-negation-asymmetric_premise,"B won the competition while A did not, so A does not find it easier to be happy than B","['happy', 'find']"
2-negation-asymmetric_conclusion,"A won the competition while B did not, so B does not find it easier to be happy than A","['than', 'happy', 'be']"
2-antonym-original,"A won the competition while B did not, so A finds it harder to be sad than B","['sad', 'it', 'finds', '[MASK]']"
2-antonym-asymmetric_premise,"B won the competition while A did not, so A finds it easier to be sad than B","['sad', 'finds', 'than']"
2-antonym-asymmetric_conclusion,"A won the competition while B did not, so B finds it easier to be sad than A","['than', 'sad']"
2-paraphrase-original,"A won the competition while B did not, so A finds it easier to feel happiness than B","['happiness', 'finds', 'feel', '[MASK]']"
2-paraphrase-asymmetric_premise,"B won the competition while A did not, so A finds it harder to feel happiness than B","['than', 'finds']"
2-paraphrase-asymmetric_conclusion,"A won the competition while B did not, so B finds it harder to feel happiness than A","['happiness', 'than', 'feel', '[MASK]']"
2-paraphrase_inversion-original,"A won the competition while B did not, so A is frowning less than B","['frowning', 'than', 'won', 'is', '[MASK]']"
2-paraphrase_inversion-asymmetric_premise,"B won the competition while A did not, so A is frowning more than B","['frowning', 'competition', 'is']"
2-paraphrase_inversion-asymmetric_conclusion,"A won the competition while B did not, so B is frowning more than A","['frowning', '[MASK]', 'while', 'is']"
2-negation_antonym-original,"A won the competition while B did not, so A does not find it easier to be sad than B","['find', 'sad', 'does']"
2-negation_antonym-asymmetric_premise,"B won the competition while A did not, so A does not find it harder to be sad than B","['sad', 'find', '[MASK]']"
2-negation_antonym-asymmetric_conclusion,"A won the competition while B did not, so B does not find it harder to be sad than A","['sad', '[MASK]', 'be', 'find']"
2-negation_paraphrase-original,"A won the competition while B did not, so A does not find it harder to feel happiness than B","['happiness', 'feel', 'find']"
2-negation_paraphrase-asymmetric_premise,"B won the competition while A did not, so A does not find it easier to feel happiness than B","['happiness', 'to', 'find']"
2-negation_paraphrase-asymmetric_conclusion,"A won the competition while B did not, so B does not find it easier to feel happiness than A","['than', '[MASK]', 'happiness', 'not']"
2-negation_paraphrase_inversion-original,"A won the competition while B did not, so A isn't frowning more than B","['frowning', 'isn']"
2-negation_paraphrase_inversion-asymmetric_premise,"B won the competition while A did not, so A isn't frowning less than B","['frowning', 't', 'than']"
2-negation_paraphrase_inversion-asymmetric_conclusion,"A won the competition while B did not, so B isn't frowning less than A","['frowning', 'than', 't', 'isn']"
3-original-original,"A is able to concentrate more than B, so A finds it easier to be productive than B","['productive', 'it', 'than']"
3-original-asymmetric_premise,"B is able to concentrate more than A, so A finds it harder to be productive than B","['productive', 'finds', 'than']"
3-original-asymmetric_conclusion,"A is able to concentrate more than B, so B finds it harder to be productive than A","['productive', 'able', 'it', '[MASK]']"
3-negation-original,"A is able to concentrate more than B, so A does not find it harder to be productive than B","['productive', 'find', '[MASK]']"
3-negation-asymmetric_premise,"B is able to concentrate more than A, so A does not find it easier to be productive than B","['productive', 'find', '[MASK]']"
3-negation-asymmetric_conclusion,"A is able to concentrate more than B, so B does not find it easier to be productive than A","['productive', 'than', 'find']"
3-antonym-original,"A is able to concentrate more than B, so A finds it harder to be unproductive than B","['finds', '[MASK]', 'than', '##uctive']"
3-antonym-asymmetric_premise,"B is able to concentrate more than A, so A finds it easier to be unproductive than B","['##uctive', 'than', 'finds']"
3-antonym-asymmetric_conclusion,"A is able to concentrate more than B, so B finds it easier to be unproductive than A","['finds', '##uctive', 'it', 'be']"
3-paraphrase-original,"A is able to concentrate more than B, so A has a better ability to work than B","['ability', 'concentrate', 'work']"
3-paraphrase-asymmetric_premise,"B is able to concentrate more than A, so A has a worse ability to work than B","['concentrate', 'ability']"
3-paraphrase-asymmetric_conclusion,"A is able to concentrate more than B, so B has a worse ability to work than A","['ability', 'has', 'work', '[MASK]', 'than']"
3-paraphrase_inversion-original,"A is able to concentrate more than B, so A wastes less time than B","['waste', 'time', 'than']"
3-paraphrase_inversion-asymmetric_premise,"B is able to concentrate more than A, so A wastes more time than B","['waste', 'so', 'time']"
3-paraphrase_inversion-asymmetric_conclusion,"A is able to concentrate more than B, so B wastes more time than A","['waste', 'concentrate']"
3-negation_antonym-original,"A is able to concentrate more than B, so A does not find it easier to be unproductive than B",['##uctive']
3-negation_antonym-asymmetric_premise,"B is able to concentrate more than A, so A does not find it harder to be unproductive than B","['##uctive', 'find']"
3-negation_antonym-asymmetric_conclusion,"A is able to concentrate more than B, so B does not find it harder to be unproductive than A","['##uctive', 'find', '[MASK]', 'it']"
3-negation_paraphrase-original,"A is able to concentrate more than B, so A does not have a worse ability to work than B","['work', 'concentrate', 'ability']"
3-negation_paraphrase-asymmetric_premise,"B is able to concentrate more than A, so A does not have a better ability to work than B","['concentrate', 'ability']"
3-negation_paraphrase-asymmetric_conclusion,"A is able to concentrate more than B, so B does not have a better ability to work than A","['ability', 'concentrate']"
3-negation_paraphrase_inversion-original,"A is able to concentrate more than B, so A does not waste more time than B","['time', 'waste', 'than', 'not']"
3-negation_paraphrase_inversion-asymmetric_premise,"B is able to concentrate more than A, so A does not waste less time than B","['waste', 'than', '[MASK]']"
3-negation_paraphrase_inversion-asymmetric_conclusion,"A is able to concentrate more than B, so B does not waste less time than A","['[MASK]', 'than', 'does', 'waste']"
4-original-original,"A bullies people while B does not, so A is less kind than B","['kind', '[MASK]']"
4-original-asymmetric_premise,"B bullies people while A does not, so A is more kind than B","['kind', 'not', 'than']"
4-original-asymmetric_conclusion,"A bullies people while B does not, so B is more kind than A","['kind', '[MASK]', 'than']"
4-negation-original,"A bullies people while B does not, so A isn't more kind than B","['kind', 'than', 'so', 't']"
4-negation-asymmetric_premise,"B bullies people while A does not, so A isn't less kind than B","['kind', '[MASK]', 'than']"
4-negation-asymmetric_conclusion,"A bullies people while B does not, so B isn't less kind than A","['kind', 'than']"
4-antonym-original,"A bullies people while B does not, so A is more mean than B","['than', 'mean', 'is']"
4-antonym-asymmetric_premise,"B bullies people while A does not, so A is less mean than B","['is', 'mean', '[MASK]']"
4-antonym-asymmetric_conclusion,"A bullies people while B does not, so B is less mean than A","['mean', 'is', 'so', 'than']"
4-paraphrase-original,"A bullies people while B does not, so A cares less about people than B","['[MASK]', 'bull', 'about', 'than', 'cares']"
4-paraphrase-asymmetric_premise,"B bullies people while A does not, so A cares more about people than B","['cares', '[MASK]', 'people', 'than']"
4-paraphrase-asymmetric_conclusion,"A bullies people while B does not, so B cares more about people than A","['cares', '[MASK]', 'people', 'about']"
4-paraphrase_inversion-original,"A bullies people while B does not, so A is a more cruel person than B","['cruel', 'so', 'person']"
4-paraphrase_inversion-asymmetric_premise,"B bullies people while A does not, so A is a less cruel person than B","['cruel', 'people']"
4-paraphrase_inversion-asymmetric_conclusion,"A bullies people while B does not, so B is a less cruel person than A","['cruel', 'person', '[MASK]']"
4-negation_antonym-original,"A bullies people while B does not, so A isn't less mean than B","['mean', 't']"
4-negation_antonym-asymmetric_premise,"B bullies people while A does not, so A isn't more mean than B","['than', 'mean', 'isn', 't']"
4-negation_antonym-asymmetric_conclusion,"A bullies people while B does not, so B isn't more mean than A","['than', 't', 'mean']"
4-negation_paraphrase-original,"A bullies people while B does not, so A does not care more about people than B","['care', 'about', 'than', 'does', 'people']"
4-negation_paraphrase-asymmetric_premise,"B bullies people while A does not, so A does not care less about people than B","['care', '[MASK]', 'about']"
4-negation_paraphrase-asymmetric_conclusion,"A bullies people while B does not, so B does not care less about people than A","['care', '[MASK]', 'not']"
4-negation_paraphrase_inversion-original,"A bullies people while B does not, so A isn't a less cruel person than B","['[MASK]', 'cruel']"
4-negation_paraphrase_inversion-asymmetric_premise,"B bullies people while A does not, so A isn't a more cruel person than B","['cruel', '[MASK]', 'than', 'person']"
4-negation_paraphrase_inversion-asymmetric_conclusion,"A bullies people while B does not, so B isn't a more cruel person than A","['cruel', 't', 'a', '[MASK]']"
5-original-original,"A is B's boss, so A commands more respect than B","['commands', 'so', 'boss', 'respect']"
5-original-asymmetric_premise,"B is A's boss, so A commands less respect than B","['respect', 'commands', 'boss', '[MASK]', 'is']"
5-original-asymmetric_conclusion,"A is B's boss, so B commands less respect than A","['than', 'respect', '[MASK]', 'commands']"
5-negation-original,"A is B's boss, so A does not command less respect than B","['than', 'command', 'respect', '[MASK]']"
5-negation-asymmetric_premise,"B is A's boss, so A does not command more respect than B","['respect', 'command', 'than']"
5-negation-asymmetric_conclusion,"A is B's boss, so B does not command more respect than A","['command', 'boss', 'respect']"
5-antonym-original,"A is B's boss, so A commands less disrespect than B","['commands', 'than', '##pect']"
5-antonym-asymmetric_premise,"B is A's boss, so A commands more disrespect than B","['commands', 'than', '##pect', '##res']"
5-antonym-asymmetric_conclusion,"A is B's boss, so B commands more disrespect than A","['commands', '##res', '##pect']"
5-paraphrase-original,"A is B's boss, so A has earned more respect than B","['earned', '[MASK]', 'boss', 'respect']"
5-paraphrase-asymmetric_premise,"B is A's boss, so A has earned less respect than B","['respect', '[MASK]', 'earned', 'than']"
5-paraphrase-asymmetric_conclusion,"A is B's boss, so B has earned less respect than A","['earned', 'respect', 'boss']"
5-paraphrase_inversion-original,"A is B's boss, so A should be disrespected less than B","['##pect', 'than']"
5-paraphrase_inversion-asymmetric_premise,"B is A's boss, so A should be disrespected more than B","['##pect', 'than', 'is']"
5-paraphrase_inversion-asymmetric_conclusion,"A is B's boss, so B should be disrespected more than A","['##res', 'than']"
5-negation_antonym-original,"A is B's boss, so A does not command more disrespect than B","['command', 'boss', 'so']"
5-negation_antonym-asymmetric_premise,"B is A's boss, so A does not command less disrespect than B","['command', 'than', '##pect']"
5-negation_antonym-asymmetric_conclusion,"A is B's boss, so B does not command less disrespect than A","['boss', '##pect', 'command', '[MASK]', '##res']"
5-negation_paraphrase-original,"A is B's boss, so A has not earned less respect than B","['respect', 'than', 'earned']"
5-negation_paraphrase-asymmetric_premise,"B is A's boss, so A has not earned more respect than B","['earned', 'respect', 'not']"
5-negation_paraphrase-asymmetric_conclusion,"A is B's boss, so B has not earned more respect than A","['respect', '[MASK]', 'than', 'earned']"
5-negation_paraphrase_inversion-original,"A is B's boss, so A should not be disrespected more than B","['than', '[MASK]']"
5-negation_paraphrase_inversion-asymmetric_premise,"B is A's boss, so A should not be disrespected less than B","['than', '##pect', '##res', '[MASK]']"
5-negation_paraphrase_inversion-asymmetric_conclusion,"A is B's boss, so B should not be disrespected less than A","['##res', 'should', '[MASK]', '##ed']"
6-original-original,"A has more work than B, so A finds it harder to be at ease than B","['finds', 'ease', 'be']"
6-original-asymmetric_premise,"B has more work than A, so A finds it easier to be at ease than B","['to', 'ease', 'than']"
6-original-asymmetric_conclusion,"A has more work than B, so B finds it easier to be at ease than A","['ease', 'it', 'finds']"
6-negation-original,"A has more work than B, so A does not find it easier to be at ease than B","['more', 'ease', '[MASK]']"
6-negation-asymmetric_premise,"B has more work than A, so A does not find it harder to be at ease than B","['ease', 'than', 'at']"
6-negation-asymmetric_conclusion,"A has more work than B, so B does not find it harder to be at ease than A","['find', 'more', 'than']"
6-antonym-original,"A has more work than B, so A finds it easier to be stressed out than B","['[MASK]', 'finds', 'stressed']"
6-antonym-asymmetric_premise,"B has more work than A, so A finds it harder to be stressed out than B","['than', 'stressed', 'it']"
6-antonym-asymmetric_conclusion,"A has more work than B, so B finds it harder to be stressed out than A","['finds', 'be', 'stressed']"
6-paraphrase-original,"A has more work than B, so A finds it harder to be calm than B","['finds', 'than', '[MASK]', 'calm', 'it']"
6-paraphrase-asymmetric_premise,"B has more work than A, so A finds it easier to be calm than B","['calm', 'to', 'finds']"
6-paraphrase-asymmetric_conclusion,"A has more work than B, so B finds it easier to be calm than A","['calm', '[MASK]', 'finds']"
6-paraphrase_inversion-original,"A has more work than B, so A finds it easier to feel stressed than B","['stressed', 'finds', 'than']"
6-paraphrase_inversion-asymmetric_premise,"B has more work than A, so A finds it harder to feel stressed than B","['stressed', 'finds', '[MASK]', 'than']"
6-paraphrase_inversion-asymmetric_conclusion,"A has more work than B, so B finds it harder to feel stressed than A","['stressed', 'finds', '[MASK]', 'than', 'feel']"
6-negation_antonym-original,"A has more work than B, so A does not find it harder to be stressed out than B","['stressed', 'be']"
6-negation_antonym-asymmetric_premise,"B has more work than A, so A does not find it easier to be stressed out than B","['stressed', 'more']"
6-negation_antonym-asymmetric_conclusion,"A has more work than B, so B does not find it easier to be stressed out than A","['out', 'stressed', '[MASK]']"
6-negation_paraphrase-original,"A has more work than B, so A does not find it easier to be calm than B","['calm', '[MASK]', 'more', 'than']"
6-negation_paraphrase-asymmetric_premise,"B has more work than A, so A does not find it harder to be calm than B","['find', '[MASK]', 'than']"
6-negation_paraphrase-asymmetric_conclusion,"A has more work than B, so B does not find it harder to be calm than A","['calm', 'than', 'more']"
6-negation_paraphrase_inversion-original,"A has more work than B, so A does not find it harder to feel stressed than B","['stressed', 'find', '[MASK]', 'feel', 'than']"
6-negation_paraphrase_inversion-asymmetric_premise,"B has more work than A, so A does not find it easier to feel stressed than B","['[MASK]', 'feel', 'more', 'stressed']"
6-negation_paraphrase_inversion-asymmetric_conclusion,"A has more work than B, so B does not find it easier to feel stressed than A","['stressed', '[MASK]']"
7-original-original,"A has a crush on B, so A finds it harder to be relaxed around B","['finds', 'it', 'relaxed', 'around', 'crush']"
7-original-asymmetric_premise,"B has a crush on A, so A finds it easier to be relaxed around B","['around', 'finds', 'be', 'relaxed']"
7-original-asymmetric_conclusion,"A has a crush on B, so B finds it easier to be relaxed around A","['relaxed', '[MASK]', 'so', 'finds', 'it', 'around']"
7-negation-original,"A has a crush on B, so A does not find it easier to be relaxed around B","['find', 'relaxed', 'not', 'so']"
7-negation-asymmetric_premise,"B has a crush on A, so A does not find it harder to be relaxed around B","['relaxed', 'find']"
7-negation-asymmetric_conclusion,"A has a crush on B, so B does not find it harder to be relaxed around A","['relaxed', 'it', 'find']"
7-antonym-original,"A has a crush on B, so A finds it easier to be awkward around B","['to', 'finds', 'be', 'it', 'awkward', '[MASK]']"
7-antonym-asymmetric_premise,"B has a crush on A, so A finds it harder to be awkward around B","['awkward', 'finds', 'it']"
7-antonym-asymmetric_conclusion,"A has a crush on B, so B finds it harder to be awkward around A","['finds', '[MASK]', 'it', 'awkward']"
7-paraphrase-original,"A has a crush on B, so A finds it harder to be at ease around B","['ease', 'at', 'around', 'crush']"
7-paraphrase-asymmetric_premise,"B has a crush on A, so A finds it easier to be at ease around B","['it', 'crush', 'be', 'ease']"
7-paraphrase-asymmetric_conclusion,"A has a crush on B, so B finds it easier to be at ease around A","['ease', 'finds']"
7-paraphrase_inversion-original,"A has a crush on B, so A feels more awkward around B","['around', 'crush', 'awkward', '[MASK]']"
7-paraphrase_inversion-asymmetric_premise,"B has a crush on A, so A feels less awkward around B","['feels', '[MASK]', 'awkward', 'around']"
7-paraphrase_inversion-asymmetric_conclusion,"A has a crush on B, so B feels less awkward around A","['awkward', '[MASK]', 'around', 'feels']"
7-negation_antonym-original,"A has a crush on B, so A does not find it harder to be awkward around B","['[MASK]', 'find', 'to', 'awkward']"
7-negation_antonym-asymmetric_premise,"B has a crush on A, so A does not find it easier to be awkward around B","['awkward', 'find']"
7-negation_antonym-asymmetric_conclusion,"A has a crush on B, so B does not find it easier to be awkward around A","['find', 'awkward', '[MASK]']"
7-negation_paraphrase-original,"A has a crush on B, so A does not find it easier to be at ease around B","['ease', 'find', '[MASK]']"
7-negation_paraphrase-asymmetric_premise,"B has a crush on A, so A does not find it harder to be at ease around B","['ease', 'find', 'it']"
7-negation_paraphrase-asymmetric_conclusion,"A has a crush on B, so B does not find it harder to be at ease around A","['ease', 'around', 'find', 'not']"
7-negation_paraphrase_inversion-original,"A has a crush on B, so A does not feel less awkward around B","['awkward', 'so', 'does', 'crush', '[MASK]']"
7-negation_paraphrase_inversion-asymmetric_premise,"B has a crush on A, so A does not feel more awkward around B","['awkward', 'feel', 'not', 'crush']"
7-negation_paraphrase_inversion-asymmetric_conclusion,"A has a crush on B, so B does not feel more awkward around A","['awkward', 'feel', '[MASK]', 'crush']"
8-original-original,"A has more dedication than B, so A will have a harder time failing than B","['failing', 'time', '[MASK]']"
8-original-asymmetric_premise,"B has more dedication than A, so A will have a easier time failing than B","['time', 'failing', 'dedication']"
8-original-asymmetric_conclusion,"A has more dedication than B, so B will have a easier time failing than A","['failing', 'time', 'dedication']"
8-negation-original,"A has more dedication than B, so A will not have a easier time failing than B","['failing', 'not', '[MASK]']"
8-negation-asymmetric_premise,"B has more dedication than A, so A will not have a harder time failing than B","['have', 'than', 'time', 'failing']"
8-negation-asymmetric_conclusion,"A has more dedication than B, so B will not have a harder time failing than A","['time', 'failing', 'have']"
8-antonym-original,"A has more dedication than B, so A will have a easier time succeeding than B","['succeeding', 'than', 'time']"
8-antonym-asymmetric_premise,"B has more dedication than A, so A will have a harder time succeeding than B","['succeeding', 'dedication', '[MASK]', 'time']"
8-antonym-asymmetric_conclusion,"A has more dedication than B, so B will have a harder time succeeding than A","['time', 'a']"
8-paraphrase-original,"A has more dedication than B, so A has a worse chance of failure than B","['chance', 'failure', 'has', '[MASK]']"
8-paraphrase-asymmetric_premise,"B has more dedication than A, so A has a better chance of failure than B","['failure', 'than', 'chance']"
8-paraphrase-asymmetric_conclusion,"A has more dedication than B, so B has a better chance of failure than A","['chance', 'dedication', 'so', '[MASK]']"
8-paraphrase_inversion-original,"A has more dedication than B, so A has a better chance to succeed than B","['chance', 'succeed', '[MASK]', 'has', 'than']"
8-paraphrase_inversion-asymmetric_premise,"B has more dedication than A, so A has a worse chance to succeed than B","['succeed', 'has', 'to', '[MASK]']"
8-paraphrase_inversion-asymmetric_conclusion,"A has more dedication than B, so B has a worse chance to succeed than A","['chance', 'succeed', 'more']"
8-negation_antonym-original,"A has more dedication than B, so A will not have a harder time succeeding than B","['succeeding', 'have']"
8-negation_antonym-asymmetric_premise,"B has more dedication than A, so A will not have a easier time succeeding than B","['time', 'succeeding', '[MASK]']"
8-negation_antonym-asymmetric_conclusion,"A has more dedication than B, so B will not have a easier time succeeding than A","['time', 'succeeding', '[MASK]', 'a', 'have']"
8-negation_paraphrase-original,"A has more dedication than B, so A does not have a better chance of failure than B","['[MASK]', 'failure', 'chance', 'than']"
8-negation_paraphrase-asymmetric_premise,"B has more dedication than A, so A does not have a worse chance of failure than B","['[MASK]', 'chance']"
8-negation_paraphrase-asymmetric_conclusion,"A has more dedication than B, so B does not have a worse chance of failure than A","['chance', '[MASK]', 'of', 'does']"
8-negation_paraphrase_inversion-original,"A has more dedication than B, so A does not have a worse chance to succeed than B","['chance', 'a']"
8-negation_paraphrase_inversion-asymmetric_premise,"B has more dedication than A, so A does not have a better chance to succeed than B","['succeed', 'chance', 'to']"
8-negation_paraphrase_inversion-asymmetric_conclusion,"A has more dedication than B, so B does not have a better chance to succeed than A","['chance', 'succeed', 'does']"
9-original-original,"A is B's parent, so A initially takes more care of B","['initially', 'of', 'parent', 'care', 'takes']"
9-original-asymmetric_premise,"B is A's parent, so A initially takes less care of B","['care', 'takes', 'parent', 'initially']"
9-original-asymmetric_conclusion,"A is B's parent, so B initially takes less care of A","['initially', 'takes', 'parent', 'care']"
9-negation-original,"A is B's parent, so A initially does not take less care of B","['of', 'not', '[MASK]']"
9-negation-asymmetric_premise,"B is A's parent, so A initially does not take more care of B","['take', '[MASK]', 'care', 'initially']"
9-negation-asymmetric_conclusion,"A is B's parent, so B initially does not take more care of A","['care', 'take', 'does', 'parent']"
9-antonym-original,"A is B's parent, so A initially takes less assistance from B","['takes', 'assistance', '[MASK]', 'initially']"
9-antonym-asymmetric_premise,"B is A's parent, so A initially takes more assistance from B","['assistance', 'takes', 'initially', 'parent', '[MASK]']"
9-antonym-asymmetric_conclusion,"A is B's parent, so B initially takes more assistance from A","['initially', 'takes', '[MASK]', 'parent']"
9-paraphrase-original,"A is B's parent, so A initially provides more for B","['parent', 'initially', 'provides']"
9-paraphrase-asymmetric_premise,"B is A's parent, so A initially provides less for B","['provides', 'parent', 'so']"
9-paraphrase-asymmetric_conclusion,"A is B's parent, so B initially provides less for A","['provides', 'initially', '[MASK]']"
9-paraphrase_inversion-original,"A is B's parent, so A initially relies less on B","['relies', 'initially']"
9-paraphrase_inversion-asymmetric_premise,"B is A's parent, so A initially relies more on B","['relies', '[MASK]', 'initially', 'on']"
9-paraphrase_inversion-asymmetric_conclusion,"A is B's parent, so B initially relies more on A","['relies', 'initially', '[MASK]']"
9-negation_antonym-original,"A is B's parent, so A initially does not take more assistance from B","['assistance', 'take', 'parent', '[MASK]']"
9-negation_antonym-asymmetric_premise,"B is A's parent, so A initially does not take less assistance from B","['assistance', 'initially', 'parent', 'take']"
9-negation_antonym-asymmetric_conclusion,"A is B's parent, so B initially does not take less assistance from A","['assistance', '[MASK]', 'parent', 'from']"
9-negation_paraphrase-original,"A is B's parent, so A initially does not provide less for B","['provide', 'parent', '[MASK]']"
9-negation_paraphrase-asymmetric_premise,"B is A's parent, so A initially does not provide more for B","['parent', 'provide']"
9-negation_paraphrase-asymmetric_conclusion,"A is B's parent, so B initially does not provide more for A","['initially', 'parent', 'provide']"
9-negation_paraphrase_inversion-original,"A is B's parent, so A initially does not rely more on B","['rely', '[MASK]', 'on']"
9-negation_paraphrase_inversion-asymmetric_premise,"B is A's parent, so A initially does not rely less on B","['rely', '[MASK]', 'does']"
9-negation_paraphrase_inversion-asymmetric_conclusion,"A is B's parent, so B initially does not rely less on A","['[MASK]', 'initially', 'rely', 'on']"
10-original-original,"A is B's doctor, so A takes more care of B","['care', '[MASK]', 'takes']"
10-original-asymmetric_premise,"B is A's doctor, so A takes less care of B","['care', 'doctor', '[MASK]', 'of', 'takes']"
10-original-asymmetric_conclusion,"A is B's doctor, so B takes less care of A","['takes', 'care', 'of']"
10-negation-original,"A is B's doctor, so A does not take less care of B","['take', 'care', 'doctor']"
10-negation-asymmetric_premise,"B is A's doctor, so A does not take more care of B","['care', 'does', 'take', 'of', 'so']"
10-negation-asymmetric_conclusion,"A is B's doctor, so B does not take more care of A","['care', '[MASK]', 'of']"
10-antonym-original,"A is B's doctor, so A takes less assistance from B","['assistance', 'from', 'takes', 'doctor']"
10-antonym-asymmetric_premise,"B is A's doctor, so A takes more assistance from B","['[MASK]', 'assistance', 'from']"
10-antonym-asymmetric_conclusion,"A is B's doctor, so B takes more assistance from A","['assistance', 'so', 'doctor']"
10-paraphrase-original,"A is B's doctor, so A provides more assistance towards B","['assistance', 'provides', 'doctor', 'towards', 'so']"
10-paraphrase-asymmetric_premise,"B is A's doctor, so A provides less assistance towards B","['provides', 'doctor', 'assistance', 'towards']"
10-paraphrase-asymmetric_conclusion,"A is B's doctor, so B provides less assistance towards A","['assistance', 'provides', 'doctor', 'towards']"
10-paraphrase_inversion-original,"A is B's doctor, so A requires less medical aid from B","['aid', 'medical', 'requires', 'doctor']"
10-paraphrase_inversion-asymmetric_premise,"B is A's doctor, so A requires more medical aid from B","['requires', 'medical', 'aid', 'doctor']"
10-paraphrase_inversion-asymmetric_conclusion,"A is B's doctor, so B requires more medical aid from A","['aid', 'requires', 'doctor', 'medical']"
10-negation_antonym-original,"A is B's doctor, so A does not take more assistance from B","['assistance', 'from', 'doctor']"
10-negation_antonym-asymmetric_premise,"B is A's doctor, so A does not take less assistance from B","['[MASK]', 'doctor', 'from', 'take', 'assistance']"
10-negation_antonym-asymmetric_conclusion,"A is B's doctor, so B does not take less assistance from A","['assistance', 'doctor']"
10-negation_paraphrase-original,"A is B's doctor, so A does not provide less assistance towards B","['towards', 'provide', 'assistance', 'so', '[MASK]']"
10-negation_paraphrase-asymmetric_premise,"B is A's doctor, so A does not provide more assistance towards B","['assistance', 'provide', 'towards', 'doctor']"
10-negation_paraphrase-asymmetric_conclusion,"A is B's doctor, so B does not provide more assistance towards A","['doctor', 'assistance', 'provide', 'towards', '[MASK]']"
10-negation_paraphrase_inversion-original,"A is B's doctor, so A does not require more medical aid from B","['medical', 'aid', 'doctor', 'does']"
10-negation_paraphrase_inversion-asymmetric_premise,"B is A's doctor, so A does not require less medical aid from B","['aid', 'medical', 'require', 'from']"
10-negation_paraphrase_inversion-asymmetric_conclusion,"A is B's doctor, so B does not require less medical aid from A","['require', 'medical']"
11-original-original,"A hurt B's feelings, so A must be more insensitive than B","['##ens', '##itive', 'must', 'be', 'than']"
11-original-asymmetric_premise,"B hurt A's feelings, so A must be less insensitive than B","['ins', 'must', 'so', '[MASK]']"
11-original-asymmetric_conclusion,"A hurt B's feelings, so B must be less insensitive than A","['than', '[MASK]', 'feelings', 'ins']"
11-negation-original,"A hurt B's feelings, so A must not be less insensitive than B","['must', '[MASK]', 'than', 'ins']"
11-negation-asymmetric_premise,"B hurt A's feelings, so A must not be more insensitive than B","['than', 'must', '##ens', '[MASK]']"
11-negation-asymmetric_conclusion,"A hurt B's feelings, so B must not be more insensitive than A","['[MASK]', '##itive', '##ens']"
11-antonym-original,"A hurt B's feelings, so A must be less thoughtful than B","['thoughtful', 'than', 'must']"
11-antonym-asymmetric_premise,"B hurt A's feelings, so A must be more thoughtful than B","['must', 'thoughtful', 'than', 'so']"
11-antonym-asymmetric_conclusion,"A hurt B's feelings, so B must be more thoughtful than A","['thoughtful', '[MASK]', 'be']"
11-paraphrase-original,"A hurt B's feelings, so A should be more selfish than B","['selfish', 'should', 'be', 'than', '[MASK]']"
11-paraphrase-asymmetric_premise,"B hurt A's feelings, so A should be less selfish than B","['selfish', 'be', 'should']"
11-paraphrase-asymmetric_conclusion,"A hurt B's feelings, so B should be less selfish than A","['selfish', 'should', 'than']"
11-paraphrase_inversion-original,"A hurt B's feelings, so A is less caring than B","['caring', 'than', 'is', 'so']"
11-paraphrase_inversion-asymmetric_premise,"B hurt A's feelings, so A is more caring than B","['caring', '[MASK]', 'than']"
11-paraphrase_inversion-asymmetric_conclusion,"A hurt B's feelings, so B is more caring than A","['caring', 'is', 'than']"
11-negation_antonym-original,"A hurt B's feelings, so A must not be more thoughtful than B","['[MASK]', 'thoughtful', 'must', 'than', 'not']"
11-negation_antonym-asymmetric_premise,"B hurt A's feelings, so A must not be less thoughtful than B","['must', 'thoughtful', '[MASK]', 'not']"
11-negation_antonym-asymmetric_conclusion,"A hurt B's feelings, so B must not be less thoughtful than A","['than', 'thoughtful']"
11-negation_paraphrase-original,"A hurt B's feelings, so A should not be less selfish than B","['should', 'than', '[MASK]', 'selfish']"
11-negation_paraphrase-asymmetric_premise,"B hurt A's feelings, so A should not be more selfish than B","['[MASK]', 'not', 'than', 'selfish']"
11-negation_paraphrase-asymmetric_conclusion,"A hurt B's feelings, so B should not be more selfish than A","['selfish', 'than', '[MASK]', 'should']"
11-negation_paraphrase_inversion-original,"A hurt B's feelings, so A is not more caring than B","['caring', '[MASK]', 'than', 'so']"
11-negation_paraphrase_inversion-asymmetric_premise,"B hurt A's feelings, so A is not less caring than B","['than', 'not', '[MASK]', 'caring']"
11-negation_paraphrase_inversion-asymmetric_conclusion,"A hurt B's feelings, so B is not less caring than A","['caring', '[MASK]']"
12-original-original,"A is B's priest, so A spends less time sinning than B","['spends', 'sin', 'than', 'time']"
12-original-asymmetric_premise,"B is A's priest, so A spends more time sinning than B","['spends', '##ning', 'so', 'time', 'than']"
12-original-asymmetric_conclusion,"A is B's priest, so B spends more time sinning than A","['spends', 'so', 'sin', '##ning']"
12-negation-original,"A is B's priest, so A does not spend more time sinning than B","['time', 'spend', 'sin']"
12-negation-asymmetric_premise,"B is A's priest, so A does not spend less time sinning than B","['than', '[MASK]', 'priest', 'spend']"
12-negation-asymmetric_conclusion,"A is B's priest, so B does not spend less time sinning than A","['[MASK]', 'does', 'spend', 'sin']"
12-antonym-original,"A is B's priest, so A spends more time praying than B","['time', 'than', 'so', 'spends', 'priest']"
12-antonym-asymmetric_premise,"B is A's priest, so A spends less time praying than B","['than', 'time', 'priest', 'spends']"
12-antonym-asymmetric_conclusion,"A is B's priest, so B spends less time praying than A","['so', 'praying', '[MASK]']"
12-paraphrase-original,"A is B's priest, so A is less likely to sin than B","['likely', 'sin', 'to']"
12-paraphrase-asymmetric_premise,"B is A's priest, so A is more likely to sin than B","['sin', 'likely', 'so']"
12-paraphrase-asymmetric_conclusion,"A is B's priest, so B is more likely to sin than A","['likely', 'is', 'sin']"
12-paraphrase_inversion-original,"A is B's priest, so A can be found praying more often than B","['often', 'praying', 'than', 'priest', '[MASK]']"
12-paraphrase_inversion-asymmetric_premise,"B is A's priest, so A can be found praying less often than B","['priest', 'praying', 'than']"
12-paraphrase_inversion-asymmetric_conclusion,"A is B's priest, so B can be found praying less often than A","['praying', 'priest', '[MASK]', 'often', 'than']"
12-negation_antonym-original,"A is B's priest, so A does not spend less time praying than B","['than', 'spend']"
12-negation_antonym-asymmetric_premise,"B is A's priest, so A does not spend more time praying than B","['spend', 'than', 'praying', '[MASK]', 'time']"
12-negation_antonym-asymmetric_conclusion,"A is B's priest, so B does not spend more time praying than A","['time', 'than', 'spend', '[MASK]', 'praying']"
12-negation_paraphrase-original,"A is B's priest, so A is not more likely to sin than B","['likely', 'than', '[MASK]', 'sin']"
12-negation_paraphrase-asymmetric_premise,"B is A's priest, so A is not less likely to sin than B","['likely', 'than', 'not', 'sin']"
12-negation_paraphrase-asymmetric_conclusion,"A is B's priest, so B is not less likely to sin than A","['likely', 'not', '[MASK]', 'than']"
12-negation_paraphrase_inversion-original,"A is B's priest, so A can not be found praying less often than B","['praying', '[MASK]', 'often', 'than']"
12-negation_paraphrase_inversion-asymmetric_premise,"B is A's priest, so A can not be found praying more often than B","['praying', '[MASK]', 'than', 'often']"
12-negation_paraphrase_inversion-asymmetric_conclusion,"A is B's priest, so B can not be found praying more often than A","['than', 'often', 'priest', 'praying']"
13-original-original,"A is B's lawyer, so A is less ignorant of the law than B","['than', 'ignorant', 'is']"
13-original-asymmetric_premise,"B is A's lawyer, so A is more ignorant of the law than B","['than', 'lawyer', 'of', 'ignorant']"
13-original-asymmetric_conclusion,"A is B's lawyer, so B is more ignorant of the law than A","['is', '[MASK]', 'ignorant', 'than']"
13-negation-original,"A is B's lawyer, so A is not more ignorant of the law than B","['[MASK]', 'than', 'not', 'is']"
13-negation-asymmetric_premise,"B is A's lawyer, so A is not less ignorant of the law than B","['than', '[MASK]', 'ignorant', 'not', 'law']"
13-negation-asymmetric_conclusion,"A is B's lawyer, so B is not less ignorant of the law than A","['than', 'ignorant']"
13-antonym-original,"A is B's lawyer, so A is more knowledgeable about law than B","['knowledge', 'about', 'than']"
13-antonym-asymmetric_premise,"B is A's lawyer, so A is less knowledgeable about law than B","['knowledge', '##able', 'than']"
13-antonym-asymmetric_conclusion,"A is B's lawyer, so B is less knowledgeable about law than A","['##able', 'knowledge', 'is', 'so']"
13-paraphrase-original,"A is B's lawyer, so A is less clueless about the law than B","['clue', 'than', 'so']"
13-paraphrase-asymmetric_premise,"B is A's lawyer, so A is more clueless about the law than B","['than', 'so', 'clue', 'is']"
13-paraphrase-asymmetric_conclusion,"A is B's lawyer, so B is more clueless about the law than A","['##less', 'clue']"
13-paraphrase_inversion-original,"A is B's lawyer, so A has studied the law better than B","['studied', 'than', 'the', 'law']"
13-paraphrase_inversion-asymmetric_premise,"B is A's lawyer, so A has studied the law worse than B","['studied', 'the', '[MASK]', 'than', 'lawyer']"
13-paraphrase_inversion-asymmetric_conclusion,"A is B's lawyer, so B has studied the law worse than A","['studied', 'than', 'law', '[MASK]']"
13-negation_antonym-original,"A is B's lawyer, so A is not less knowledgeable about law than B","['not', 'than', '[MASK]']"
13-negation_antonym-asymmetric_premise,"B is A's lawyer, so A is not more knowledgeable about law than B","['not', '##able', 'than', 'knowledge']"
13-negation_antonym-asymmetric_conclusion,"A is B's lawyer, so B is not more knowledgeable about law than A","['not', 'knowledge', '##able', 'than']"
13-negation_paraphrase-original,"A is B's lawyer, so A is not more clueless about the law than B","['clue', '##less', 'than', 'is', 'not']"
13-negation_paraphrase-asymmetric_premise,"B is A's lawyer, so A is not less clueless about the law than B","['is', 'not', 'clue', '[MASK]']"
13-negation_paraphrase-asymmetric_conclusion,"A is B's lawyer, so B is not less clueless about the law than A","['[MASK]', 'not', 'clue', '##less', 'than']"
13-negation_paraphrase_inversion-original,"A is B's lawyer, so A has not studied the law worse than B","['law', 'lawyer', 'than', 'not']"
13-negation_paraphrase_inversion-asymmetric_premise,"B is A's lawyer, so A has not studied the law better than B","['studied', 'lawyer', 'than']"
13-negation_paraphrase_inversion-asymmetric_conclusion,"A is B's lawyer, so B has not studied the law better than A",['studied']
14-original-original,"A has a lot less money than B, so A is less financially secure than B","['than', 'lot', 'secure']"
14-original-asymmetric_premise,"B has a lot less money than A, so A is more financially secure than B","['financially', 'secure', '[MASK]']"
14-original-asymmetric_conclusion,"A has a lot less money than B, so B is more financially secure than A","['financially', 'than', 'secure']"
14-negation-original,"A has a lot less money than B, so A is not more financially secure than B","['less', 'financially', 'than']"
14-negation-asymmetric_premise,"B has a lot less money than A, so A is not less financially secure than B","['financially', 'secure', 'than']"
14-negation-asymmetric_conclusion,"A has a lot less money than B, so B is not less financially secure than A","['than', 'not', '[MASK]']"
14-antonym-original,"A has a lot less money than B, so A is more financially unstable than B","['unstable', 'is', 'than', 'financially']"
14-antonym-asymmetric_premise,"B has a lot less money than A, so A is less financially unstable than B","['financially', 'unstable', 'so', 'is', '[MASK]']"
14-antonym-asymmetric_conclusion,"A has a lot less money than B, so B is less financially unstable than A","['financially', 'unstable', 'than']"
14-paraphrase-original,"A has a lot less money than B, so A has a worse ability to pay bills than B",['ability']
14-paraphrase-asymmetric_premise,"B has a lot less money than A, so A has a better ability to pay bills than B","['pay', 'less', 'bills', 'ability', 'has']"
14-paraphrase-asymmetric_conclusion,"A has a lot less money than B, so B has a better ability to pay bills than A","['ability', 'has', 'less']"
14-paraphrase_inversion-original,"A has a lot less money than B, so A worries more about bankruptcy than B","['worries', 'bankruptcy', '[MASK]']"
14-paraphrase_inversion-asymmetric_premise,"B has a lot less money than A, so A worries less about bankruptcy than B","['than', 'bankruptcy', 'worries', 'less']"
14-paraphrase_inversion-asymmetric_conclusion,"A has a lot less money than B, so B worries less about bankruptcy than A","['worries', 'than', '[MASK]']"
14-negation_antonym-original,"A has a lot less money than B, so A is not less financially unstable than B","['than', 'not', 'unstable']"
14-negation_antonym-asymmetric_premise,"B has a lot less money than A, so A is not more financially unstable than B","['unstable', 'financially', 'than']"
14-negation_antonym-asymmetric_conclusion,"A has a lot less money than B, so B is not more financially unstable than A","['not', 'financially', 'than', 'less']"
14-negation_paraphrase-original,"A has a lot less money than B, so A does not have a better ability to pay bills than B","['ability', '[MASK]']"
14-negation_paraphrase-asymmetric_premise,"B has a lot less money than A, so A does not have a worse ability to pay bills than B","['ability', 'does', 'less']"
14-negation_paraphrase-asymmetric_conclusion,"A has a lot less money than B, so B does not have a worse ability to pay bills than A","['less', 'lot']"
14-negation_paraphrase_inversion-original,"A has a lot less money than B, so A does not worry less about bankruptcy than B","['has', 'worry']"
14-negation_paraphrase_inversion-asymmetric_premise,"B has a lot less money than A, so A does not worry more about bankruptcy than B","['worry', '[MASK]', 'does', 'about']"
14-negation_paraphrase_inversion-asymmetric_conclusion,"A has a lot less money than B, so B does not worry more about bankruptcy than A","['worry', 'than', 'bankruptcy']"
15-original-original,"A watches more tv shows than B, so A is more capable of understanding pop-culture references than B","['capable', '[MASK]', 'understanding']"
15-original-asymmetric_premise,"B watches more tv shows than A, so A is less capable of understanding pop-culture references than B","['capable', '[MASK]', 'understanding', 'than']"
15-original-asymmetric_conclusion,"A watches more tv shows than B, so B is less capable of understanding pop-culture references than A","['capable', '[MASK]', 'references']"
15-negation-original,"A watches more tv shows than B, so A is not less capable of understanding pop-culture references than B","['not', 'capable', 'than']"
15-negation-asymmetric_premise,"B watches more tv shows than A, so A is not more capable of understanding pop-culture references than B","['not', 'more', 'than']"
15-negation-asymmetric_conclusion,"A watches more tv shows than B, so B is not more capable of understanding pop-culture references than A","['capable', 'so', 'than', 'understanding']"
15-antonym-original,"A watches more tv shows than B, so A is less unable to understand pop-culture references than B","['unable', '[MASK]', 'than']"
15-antonym-asymmetric_premise,"B watches more tv shows than A, so A is more unable to understand pop-culture references than B","['unable', 'than', 'references']"
15-antonym-asymmetric_conclusion,"A watches more tv shows than B, so B is more unable to understand pop-culture references than A","['unable', 'references', '[MASK]', 'than']"
15-paraphrase-original,"A watches more tv shows than B, so A has better knowledge about current pop-culture than B",['knowledge']
15-paraphrase-asymmetric_premise,"B watches more tv shows than A, so A has worse knowledge about current pop-culture than B","['has', 'knowledge']"
15-paraphrase-asymmetric_conclusion,"A watches more tv shows than B, so B has worse knowledge about current pop-culture than A","['than', 'has', '[MASK]', 'knowledge']"
15-paraphrase_inversion-original,"A watches more tv shows than B, so A is less ignorant about pop-culture than B","['ignorant', 'than']"
15-paraphrase_inversion-asymmetric_premise,"B watches more tv shows than A, so A is more ignorant about pop-culture than B","['ignorant', '[MASK]', 'so']"
15-paraphrase_inversion-asymmetric_conclusion,"A watches more tv shows than B, so B is more ignorant about pop-culture than A","['so', 'about', 'pop']"
15-negation_antonym-original,"A watches more tv shows than B, so A is not more unable to understand pop-culture references than B","['unable', 'not', 'more']"
15-negation_antonym-asymmetric_premise,"B watches more tv shows than A, so A is not less unable to understand pop-culture references than B","['more', 'unable', 'understand', 'references', 'than']"
15-negation_antonym-asymmetric_conclusion,"A watches more tv shows than B, so B is not less unable to understand pop-culture references than A","['not', 'unable']"
15-negation_paraphrase-original,"A watches more tv shows than B, so A does not have worse knowledge about current pop-culture than B","['than', 'knowledge', 'have']"
15-negation_paraphrase-asymmetric_premise,"B watches more tv shows than A, so A does not have better knowledge about current pop-culture than B","['[MASK]', 'knowledge', 'not', 'culture']"
15-negation_paraphrase-asymmetric_conclusion,"A watches more tv shows than B, so B does not have better knowledge about current pop-culture than A","['than', 'knowledge', '[MASK]']"
15-negation_paraphrase_inversion-original,"A watches more tv shows than B, so A is not more ignorant about pop-culture than B","['ignorant', 'so', 'more', '[MASK]', 'not']"
15-negation_paraphrase_inversion-asymmetric_premise,"B watches more tv shows than A, so A is not less ignorant about pop-culture than B","['than', 'ignorant', 'more']"
15-negation_paraphrase_inversion-asymmetric_conclusion,"A watches more tv shows than B, so B is not less ignorant about pop-culture than A","['[MASK]', 'than', 'about', 'ignorant']"
16-original-original,"A always loses to B in tennis, so A is a less proficient tennis player than B","['##ficient', 'pro', 'tennis', 'than', 'player']"
16-original-asymmetric_premise,"B always loses to A in tennis, so A is a more proficient tennis player than B","['##ficient', 'tennis', 'pro']"
16-original-asymmetric_conclusion,"A always loses to B in tennis, so B is a more proficient tennis player than A","['than', '##ficient', 'player']"
16-negation-original,"A always loses to B in tennis, so A is not a more proficient tennis not player than B","['[MASK]', '##ficient', 'pro']"
16-negation-asymmetric_premise,"B always loses to A in tennis, so A is not a less proficient tennis not player than B","['##ficient', '[MASK]', 'not', 'tennis']"
16-negation-asymmetric_conclusion,"A always loses to B in tennis, so B is not a less proficient tennis not player than A","['##ficient', 'not', 'tennis', 'than', '[MASK]', 'pro']"
16-antonym-original,"A always loses to B in tennis, so A is a more inadequate tennis player than B","['[MASK]', 'tennis', 'than', 'inadequate']"
16-antonym-asymmetric_premise,"B always loses to A in tennis, so A is a less inadequate tennis player than B","['than', '[MASK]', 'tennis', 'inadequate']"
16-antonym-asymmetric_conclusion,"A always loses to B in tennis, so B is a less inadequate tennis player than A",['inadequate']
16-paraphrase-original,"A always loses to B in tennis, so A has worse skills in tennis than B","['skills', 'tennis']"
16-paraphrase-asymmetric_premise,"B always loses to A in tennis, so A has better skills in tennis than B","['skills', 'so', '[MASK]', 'tennis']"
16-paraphrase-asymmetric_conclusion,"A always loses to B in tennis, so B has better skills in tennis than A","['skills', 'tennis']"
16-paraphrase_inversion-original,"A always loses to B in tennis, so A is more incompetent in tennis than B","['##pet', 'than', '##com']"
16-paraphrase_inversion-asymmetric_premise,"B always loses to A in tennis, so A is less incompetent in tennis than B","['##pet', '##ent']"
16-paraphrase_inversion-asymmetric_conclusion,"A always loses to B in tennis, so B is less incompetent in tennis than A","['##ent', '[MASK]', '##com', 'is']"
16-negation_antonym-original,"A always loses to B in tennis, so A is not a less inadequate tennis not player than B","['not', 'player', 'than', 'inadequate']"
16-negation_antonym-asymmetric_premise,"B always loses to A in tennis, so A is not a more inadequate tennis not player than B","['inadequate', 'tennis', '[MASK]', 'player', 'a', 'than']"
16-negation_antonym-asymmetric_conclusion,"A always loses to B in tennis, so B is not a more inadequate tennis not player than A","['inadequate', 'tennis', 'player']"
16-negation_paraphrase-original,"A always loses to B in tennis, so A has not better skills in tennis than B","['skills', 'than']"
16-negation_paraphrase-asymmetric_premise,"B always loses to A in tennis, so A has not worse skills in tennis than B","['has', 'skills', '[MASK]']"
16-negation_paraphrase-asymmetric_conclusion,"A always loses to B in tennis, so B has not worse skills in tennis than A","['skills', '[MASK]', 'tennis']"
16-negation_paraphrase_inversion-original,"A always loses to B in tennis, so A is not less incompetent in tennis not than B","['not', '##pet']"
16-negation_paraphrase_inversion-asymmetric_premise,"B always loses to A in tennis, so A is not more incompetent in tennis not than B",['not']
16-negation_paraphrase_inversion-asymmetric_conclusion,"A always loses to B in tennis, so B is not more incompetent in tennis not than A","['than', 'not']"
17-original-original,"A makes B late, so A has less reason to be annoyed at B","['reason', 'to', 'annoyed', 'has']"
17-original-asymmetric_premise,"B makes A late, so A has more reason to be annoyed at B","['has', '[MASK]', 'reason', 'to']"
17-original-asymmetric_conclusion,"A makes B late, so B has more reason to be annoyed at A","['annoyed', '[MASK]', 'reason', 'to']"
17-negation-original,"A makes B late, so A has not more reason to be annoyed at B","['reason', 'has', 'annoyed', 'not', '[MASK]']"
17-negation-asymmetric_premise,"B makes A late, so A has not less reason to be annoyed at B","['has', 'reason', '[MASK]']"
17-negation-asymmetric_conclusion,"A makes B late, so B has not less reason to be annoyed at A","['reason', 'not']"
17-antonym-original,"A makes B late, so A has more reason to be contrite towards B","['to', 'so', 'has']"
17-antonym-asymmetric_premise,"B makes A late, so A has less reason to be contrite towards B","['to', 'has', 'reason', 'towards']"
17-antonym-asymmetric_conclusion,"A makes B late, so B has less reason to be contrite towards A","['reason', '[MASK]', 'be']"
17-paraphrase-original,"A makes B late, so A should have a harder time being upset with B","['time', 'have', 'being']"
17-paraphrase-asymmetric_premise,"B makes A late, so A should have a easier time being upset with B","['have', 'being']"
17-paraphrase-asymmetric_conclusion,"A makes B late, so B should have a easier time being upset with A","['should', 'time', 'being', '[MASK]']"
17-paraphrase_inversion-original,"A makes B late, so A has more reason to be apologetic towards B","['reason', '[MASK]', 'to']"
17-paraphrase_inversion-asymmetric_premise,"B makes A late, so A has less reason to be apologetic towards B","['to', 'has', 'reason']"
17-paraphrase_inversion-asymmetric_conclusion,"A makes B late, so B has less reason to be apologetic towards A","['reason', 'to', 'so', '##pol']"
17-negation_antonym-original,"A makes B late, so A has not less reason to be contrite towards B","['reason', 'not', 'to']"
17-negation_antonym-asymmetric_premise,"B makes A late, so A has not more reason to be contrite towards B","['reason', 'to', 'towards', 'has']"
17-negation_antonym-asymmetric_conclusion,"A makes B late, so B has not more reason to be contrite towards A","['[MASK]', 'has', 'to']"
17-negation_paraphrase-original,"A makes B late, so A should not be have a easier time being upset with B","['[MASK]', 'should', 'being', 'time']"
17-negation_paraphrase-asymmetric_premise,"B makes A late, so A should not be have a harder time being upset with B",['should']
17-negation_paraphrase-asymmetric_conclusion,"A makes B late, so B should not be have a harder time being upset with A","['time', 'have', '[MASK]', 'being']"
17-negation_paraphrase_inversion-original,"A makes B late, so A has not less reason to be apologetic towards B","['reason', 'not', '[MASK]']"
17-negation_paraphrase_inversion-asymmetric_premise,"B makes A late, so A has not more reason to be apologetic towards B","['reason', 'has', '[MASK]', 'not']"
17-negation_paraphrase_inversion-asymmetric_conclusion,"A makes B late, so B has not more reason to be apologetic towards A","['not', 'has', '[MASK]', 'reason']"
18-original-original,"A is a better friend than B, so A is more thoughtful than B","['thoughtful', 'than', 'is']"
18-original-asymmetric_premise,"B is a better friend than A, so A is less thoughtful than B","['thoughtful', '[MASK]', 'than', 'better']"
18-original-asymmetric_conclusion,"A is a better friend than B, so B is less thoughtful than A","['thoughtful', 'than']"
18-negation-original,"A is a better friend than B, so A is not less thoughtful than B","['[MASK]', 'better', 'than']"
18-negation-asymmetric_premise,"B is a better friend than A, so A is not more thoughtful than B","['thoughtful', 'than', '[MASK]', 'better']"
18-negation-asymmetric_conclusion,"A is a better friend than B, so B is not more thoughtful than A","['thoughtful', 'than', '[MASK]', 'not']"
18-antonym-original,"A is a better friend than B, so A is less selfish than B","['selfish', 'than', '[MASK]', 'friend', 'is']"
18-antonym-asymmetric_premise,"B is a better friend than A, so A is more selfish than B","['selfish', '[MASK]', 'than']"
18-antonym-asymmetric_conclusion,"A is a better friend than B, so B is more selfish than A","['[MASK]', 'is', 'selfish', 'than']"
18-paraphrase-original,"A is a better friend than B, so A shows better care towards friends than B","['care', 'than', 'better', '[MASK]']"
18-paraphrase-asymmetric_premise,"B is a better friend than A, so A shows worse care towards friends than B","['care', 'towards', 'friends', 'better']"
18-paraphrase-asymmetric_conclusion,"A is a better friend than B, so B shows worse care towards friends than A","['towards', 'better', 'than', 'care']"
18-paraphrase_inversion-original,"A is a better friend than B, so A is less of a prick than B","['than', 'a', '##rick']"
18-paraphrase_inversion-asymmetric_premise,"B is a better friend than A, so A is more of a prick than B","['p', '##rick', '[MASK]', 'better']"
18-paraphrase_inversion-asymmetric_conclusion,"A is a better friend than B, so B is more of a prick than A","['##rick', '[MASK]', 'than']"
18-negation_antonym-original,"A is a better friend than B, so A is not more selfish than B","['[MASK]', 'than', 'selfish', 'better']"
18-negation_antonym-asymmetric_premise,"B is a better friend than A, so A is not less selfish than B","['better', 'than']"
18-negation_antonym-asymmetric_conclusion,"A is a better friend than B, so B is not less selfish than A","['selfish', 'than', 'better', 'is']"
18-negation_paraphrase-original,"A is a better friend than B, so A does not show worse care towards friends than B","['than', 'show', 'towards', 'care']"
18-negation_paraphrase-asymmetric_premise,"B is a better friend than A, so A does not show better care towards friends than B","['care', 'show', 'does', 'than']"
18-negation_paraphrase-asymmetric_conclusion,"A is a better friend than B, so B does not show better care towards friends than A","['care', 'show', 'towards', 'than']"
18-negation_paraphrase_inversion-original,"A is a better friend than B, so A is not more of a prick than B","['##rick', 'is', 'friend']"
18-negation_paraphrase_inversion-asymmetric_premise,"B is a better friend than A, so A is not less of a prick than B","['a', 'not', 'of', '##rick']"
18-negation_paraphrase_inversion-asymmetric_conclusion,"A is a better friend than B, so B is not less of a prick than A","['than', '[MASK]', '##rick', 'of']"
19-original-original,"A is B's teacher, so A should be more informed than B","['informed', 'be', 'should', '[MASK]']"
19-original-asymmetric_premise,"B is A's teacher, so A should be less informed than B","['be', '[MASK]', 'informed', 'teacher']"
19-original-asymmetric_conclusion,"A is B's teacher, so B should be less informed than A","['informed', 'teacher', 'be', 'is', '[MASK]']"
19-negation-original,"A is B's teacher, so A should not be less informed than B","['[MASK]', 'informed']"
19-negation-asymmetric_premise,"B is A's teacher, so A should not be more informed than B","['should', '[MASK]', 'teacher', 'be']"
19-negation-asymmetric_conclusion,"A is B's teacher, so B should not be more informed than A","['informed', 'than', '[MASK]']"
19-antonym-original,"A is B's teacher, so A should be less ignorant than B","['ignorant', '[MASK]']"
19-antonym-asymmetric_premise,"B is A's teacher, so A should be more ignorant than B","['ignorant', 'so', '[MASK]', 'than']"
19-antonym-asymmetric_conclusion,"A is B's teacher, so B should be more ignorant than A","['ignorant', 'than', 'should', '[MASK]']"
19-paraphrase-original,"A is B's teacher, so A should have a better understanding of the material than B","['understanding', 'teacher', 'material', '[MASK]']"
19-paraphrase-asymmetric_premise,"B is A's teacher, so A should have a worse understanding of the material than B","['should', 'material', 'understanding']"
19-paraphrase-asymmetric_conclusion,"A is B's teacher, so B should have a worse understanding of the material than A","['understanding', 'teacher', 'should', 'than']"
19-paraphrase_inversion-original,"A is B's teacher, so A is less unaware of the subject than B","['unaware', '[MASK]']"
19-paraphrase_inversion-asymmetric_premise,"B is A's teacher, so A is more unaware of the subject than B","['than', 'unaware', 'of', '[MASK]']"
19-paraphrase_inversion-asymmetric_conclusion,"A is B's teacher, so B is more unaware of the subject than A","['unaware', 'than', 'is', 'subject']"
19-negation_antonym-original,"A is B's teacher, so A should not be more ignorant than B",['ignorant']
19-negation_antonym-asymmetric_premise,"B is A's teacher, so A should not be less ignorant than B","['than', 'should', 'ignorant']"
19-negation_antonym-asymmetric_conclusion,"A is B's teacher, so B should not be less ignorant than A","['ignorant', '[MASK]', 'than', 'should']"
19-negation_paraphrase-original,"A is B's teacher, so A should not have a worse understanding of the material than B","['should', '[MASK]', 'understanding', 'material']"
19-negation_paraphrase-asymmetric_premise,"B is A's teacher, so A should not have a better understanding of the material than B","['material', 'a', 'should', 'understanding']"
19-negation_paraphrase-asymmetric_conclusion,"A is B's teacher, so B should not have a better understanding of the material than A","['understanding', 'not', 'material', '[MASK]']"
19-negation_paraphrase_inversion-original,"A is B's teacher, so A is not more unaware of the subject than B","['unaware', 'not', '[MASK]', 'than']"
19-negation_paraphrase_inversion-asymmetric_premise,"B is A's teacher, so A is not less unaware of the subject than B","['than', 'not', '[MASK]', 'unaware']"
19-negation_paraphrase_inversion-asymmetric_conclusion,"A is B's teacher, so B is not less unaware of the subject than A","['unaware', 'than']"
